JobID|Cluster|Partition|Account|User|Submit|Start|End|State|NCPUS|ReqCPUS|ReqMem|ReqGRES|Timelimit|NodeList|JobName
607714|notchpeak|deo-np|deo-np|u1011561|2019-09-27T23:49:48|2019-09-29T06:06:04|2019-10-01T03:51:39|COMPLETED|120|120|191000Mn||3-00:00:00|notch[124-126]|4d
607715|notchpeak|deo-np|deo-np|u1011561|2019-09-27T23:49:56|2019-09-29T11:57:55|2019-10-01T08:07:10|COMPLETED|120|120|191000Mn||6-06:00:00|notch[127-129]|4s
607717|notchpeak|deo-np|deo-np|u1011561|2019-09-27T23:51:24|2019-10-01T08:07:20|2019-10-01T08:07:28|COMPLETED|240|240|191000Mn||6-06:00:00|notch[124-129]|8h
607718|notchpeak|deo-np|deo-np|u1011561|2019-09-27T23:51:31|2019-10-01T08:07:33|2019-10-04T13:28:23|COMPLETED|240|240|191000Mn||6-06:00:00|notch[124-129]|8s
607719|notchpeak|deo-np|deo-np|u1011561|2019-09-27T23:51:37|2019-10-04T13:28:26|2019-10-04T15:54:10|CANCELLED by 1081075|240|240|191000Mn||6-06:00:00|notch[124-129]|8d
608675|notchpeak|efd-np|efd-np|u0890060|2019-09-30T03:21:54|2019-09-30T03:22:01|2019-10-02T03:22:12|TIMEOUT|64|64|95000Mn||2-00:00:00|notch[051,053]|Solar3_vR2
608695|notchpeak|notchpeak-guest|owner-guest|u0668434|2019-09-30T08:39:49|2019-10-01T17:35:30|2019-10-01T23:18:01|PREEMPTED|80|2|191000Mn||3-00:00:00|notch[109,142]|lonepeak.slurm
608696|notchpeak|notchpeak-guest|owner-guest|u0668434|2019-09-30T08:40:41|2019-10-01T17:41:14|2019-10-01T17:42:56|PREEMPTED|80|2|191000Mn||3-00:00:00|notch[149-150]|lonepeak.slurm
608697|notchpeak|notchpeak-guest|owner-guest|u0668434|2019-09-30T08:41:41|2019-10-01T17:41:26|2019-10-03T00:17:32|COMPLETED|64|2|95000Mn||3-00:00:00|notch[033,064]|lonepeak.slurm
608698|notchpeak|notchpeak-guest|owner-guest|u0668434|2019-09-30T08:41:41|2019-10-01T17:43:07|2019-10-01T17:45:05|PREEMPTED|80|2|191000Mn||3-00:00:00|notch[149-150]|lonepeak.slurm
608699|notchpeak|notchpeak-guest|owner-guest|u0668434|2019-09-30T08:41:41|2019-10-01T17:45:15|2019-10-01T17:46:33|PREEMPTED|80|2|191000Mn||3-00:00:00|notch[149-150]|lonepeak.slurm
608700|notchpeak|notchpeak-guest|owner-guest|u0668434|2019-09-30T08:41:41|2019-10-01T17:46:44|2019-10-01T17:49:01|PREEMPTED|80|2|191000Mn||3-00:00:00|notch[149-150]|lonepeak.slurm
608701|notchpeak|notchpeak-guest|owner-guest|u0668434|2019-09-30T08:41:41|2019-10-01T17:47:15|2019-10-02T00:04:11|PREEMPTED|72|2|95000Mn||3-00:00:00|notch[029,092]|lonepeak.slurm
608702|notchpeak|notchpeak-guest|owner-guest|u0668434|2019-09-30T08:41:41|2019-10-01T17:48:30|2019-10-03T00:32:00|COMPLETED|80|2|191000Mn||3-00:00:00|notch[111,139]|lonepeak.slurm
608703|notchpeak|notchpeak-guest|owner-guest|u0668434|2019-09-30T08:41:41|2019-10-01T17:50:01|2019-10-01T18:16:50|PREEMPTED|80|2|191000Mn||3-00:00:00|notch[149-150]|lonepeak.slurm
608704|notchpeak|notchpeak-guest|owner-guest|u0668434|2019-09-30T08:41:41|2019-10-01T17:50:01|2019-10-03T01:10:24|COMPLETED|64|2|95000Mn||3-00:00:00|notch[030,067]|lonepeak.slurm
608705|notchpeak|notchpeak-guest|owner-guest|u0668434|2019-09-30T08:41:41|2019-10-01T17:52:40|2019-10-02T00:17:23|PREEMPTED|80|2|95000Mn||3-00:00:00|notch[094,102]|lonepeak.slurm
608706|notchpeak|notchpeak-guest|owner-guest|u0668434|2019-09-30T08:41:41|2019-10-01T17:53:11|2019-10-02T10:42:37|PREEMPTED|80|2|95000Mn||3-00:00:00|notch[093,140]|lonepeak.slurm
608707|notchpeak|notchpeak-guest|owner-guest|u0668434|2019-09-30T08:41:41|2019-10-01T17:57:01|2019-10-02T12:52:14|PREEMPTED|72|2|95000Mn||3-00:00:00|notch[072,095]|lonepeak.slurm
608708|notchpeak|notchpeak-guest|owner-guest|u0668434|2019-09-30T08:41:41|2019-10-01T18:00:23|2019-10-01T23:18:05|PREEMPTED|80|2|191000Mn||3-00:00:00|notch[099,133]|lonepeak.slurm
608710|notchpeak|notchpeak-guest|owner-guest|u0668434|2019-09-30T08:43:13|2019-10-01T18:06:18|2019-10-01T18:39:47|COMPLETED|64|2|95000Mn||3-00:00:00|notch[047,056]|lonepeak.slurm
608711|notchpeak|notchpeak-guest|owner-guest|u0668434|2019-09-30T08:43:13|2019-10-01T18:07:19|2019-10-01T18:40:41|COMPLETED|72|2|95000Mn||3-00:00:00|notch[048,135]|lonepeak.slurm
608712|notchpeak|notchpeak-guest|owner-guest|u0668434|2019-09-30T08:43:13|2019-10-01T18:07:48|2019-10-01T18:41:17|COMPLETED|72|2|95000Mn||3-00:00:00|notch[058,123]|lonepeak.slurm
608713|notchpeak|notchpeak-guest|owner-guest|u0668434|2019-09-30T08:43:13|2019-10-01T18:11:02|2019-10-01T18:44:14|COMPLETED|72|2|95000Mn||3-00:00:00|notch[080,090]|lonepeak.slurm
608714|notchpeak|notchpeak-guest|owner-guest|u0668434|2019-09-30T08:43:13|2019-10-01T18:17:11|2019-10-01T18:21:35|PREEMPTED|80|2|191000Mn||3-00:00:00|notch[149-150]|lonepeak.slurm
608715|notchpeak|notchpeak-guest|owner-guest|u0668434|2019-09-30T08:43:13|2019-10-01T18:21:55|2019-10-01T18:22:33|PREEMPTED|80|2|191000Mn||3-00:00:00|notch[149-150]|lonepeak.slurm
608716|notchpeak|notchpeak-guest|owner-guest|u0668434|2019-09-30T08:44:01|2019-10-01T18:24:37|2019-10-03T02:03:02|COMPLETED|64|2|95000Mn||3-00:00:00|notch[049,062]|lonepeak.slurm
608717|notchpeak|notchpeak-guest|owner-guest|u0668434|2019-09-30T08:44:01|2019-10-01T18:25:35|2019-10-01T18:26:01|PREEMPTED|80|2|191000Mn||3-00:00:00|notch[149-150]|lonepeak.slurm
608718|notchpeak|notchpeak-guest|owner-guest|u0668434|2019-09-30T08:44:01|2019-10-01T18:36:59|2019-10-03T02:03:21|COMPLETED|64|2|95000Mn||3-00:00:00|notch[065,070]|lonepeak.slurm
608719|notchpeak|notchpeak-guest|owner-guest|u0668434|2019-09-30T08:44:01|2019-10-01T18:39:50|2019-10-03T02:22:11|COMPLETED|64|2|95000Mn||3-00:00:00|notch[027,047]|lonepeak.slurm
608720|notchpeak|notchpeak-guest|owner-guest|u0668434|2019-09-30T08:44:01|2019-10-01T18:40:43|2019-10-01T23:18:09|PREEMPTED|72|2|95000Mn||3-00:00:00|notch[048,135]|lonepeak.slurm
608721|notchpeak|notchpeak-guest|owner-guest|u0668434|2019-09-30T08:44:01|2019-10-01T18:41:20|2019-10-01T23:18:13|PREEMPTED|72|2|95000Mn||3-00:00:00|notch[056,123]|lonepeak.slurm
608722|notchpeak|notchpeak-guest|owner-guest|u0668434|2019-09-30T08:44:01|2019-10-01T18:44:17|2019-10-01T23:18:18|PREEMPTED|72|2|95000Mn||3-00:00:00|notch[058,090]|lonepeak.slurm
608723|notchpeak|notchpeak-guest|owner-guest|u0668434|2019-09-30T08:44:01|2019-10-01T18:45:01|2019-10-01T19:25:54|PREEMPTED|64|2|95000Mn||3-00:00:00|notch[025,080]|lonepeak.slurm
608724|notchpeak|notchpeak-guest|owner-guest|u0668434|2019-09-30T08:44:01|2019-10-01T18:48:33|2019-10-02T03:57:02|PREEMPTED|72|2|95000Mn||3-00:00:00|notch[024,122]|lonepeak.slurm
608725|notchpeak|notchpeak-guest|owner-guest|u0668434|2019-09-30T08:44:01|2019-10-01T18:54:08|2019-10-01T23:18:22|PREEMPTED|64|2|95000Mn||3-00:00:00|notch[028,076]|lonepeak.slurm
608726|notchpeak|notchpeak-guest|owner-guest|u0668434|2019-09-30T08:44:01|2019-10-01T19:03:47|2019-10-03T02:36:06|COMPLETED|72|2|95000Mn||3-00:00:00|notch[031,119]|lonepeak.slurm
608727|notchpeak|notchpeak-guest|owner-guest|u0668434|2019-09-30T08:44:01|2019-10-01T19:06:01|2019-10-02T14:26:38|PREEMPTED|80|2|191000Mn||3-00:00:00|notch[100,113]|lonepeak.slurm
608733|notchpeak|notchpeak|farmer|u0847231|2019-09-30T09:00:19|2019-09-30T09:00:27|2019-10-02T21:00:44|TIMEOUT|96|96|191000Mn||2-12:00:00|notch[041-043]|trans.slurm
608734|notchpeak|notchpeak|farmer|u0847231|2019-09-30T09:01:59|2019-09-30T09:02:09|2019-10-02T21:02:14|TIMEOUT|96|96|191000Mn||2-12:00:00|notch[017,044-045]|trans.slurm
608745|notchpeak|notchpeak-guest|owner-guest|u0847231|2019-09-30T09:35:45|2019-10-01T19:08:26|2019-10-02T14:29:58|PREEMPTED|120|96|191000Mn||2-12:00:00|notch[101,130-131]|trans.slurm
608766|notchpeak|solidmech-np|solidmech-np|u0750212|2019-09-30T11:12:35|2019-09-30T11:12:42|2019-10-01T00:34:24|COMPLETED|64|64|191000Mn||2-00:00:00|notch[019-020]|Atomic
609419|notchpeak|solidmech-np|solidmech-np|u0674703|2019-09-30T21:25:21|2019-09-30T21:25:45|2019-10-03T14:16:36|CANCELLED by 746947|208|208|191000Mn||5-08:00:00|notch[021-023,069,104-105]|Run_Simulation.slurm
609435|notchpeak|hoepfner-np|hoepfner-np|u1209387|2019-09-30T23:05:51|2019-09-30T23:05:58|2019-10-01T03:53:47|COMPLETED|80|80|191000Mn||2-12:00:00|notch[149,151]|Cyclotri
609576|notchpeak|notchpeak|francoeur|u1053018|2019-10-01T08:17:51|2019-10-01T11:40:16|2019-10-01T12:31:04|COMPLETED|64|16|191000Mn||2-00:00:00|notch[014,037]|112z
609584|notchpeak|solidmech-np|solidmech-np|u0750212|2019-10-01T09:24:47|2019-10-01T09:24:54|2019-10-01T09:26:06|COMPLETED|64|64|191000Mn||2-00:00:00|notch[019-020]|Atomic
609589|notchpeak|hoepfner-np|hoepfner-np|u1209387|2019-10-01T09:33:19|2019-10-01T09:33:26|2019-10-01T09:33:32|COMPLETED|80|80|191000Mn||2-23:00:00|notch[149-150]|CycloH
609591|notchpeak|hoepfner-np|hoepfner-np|u1209387|2019-10-01T09:35:52|2019-10-01T09:36:03|2019-10-01T16:21:23|CANCELLED by 1293639|80|80|191000Mn||2-23:00:00|notch[148,151]|CycloH
609593|notchpeak|solidmech-np|solidmech-np|u0750212|2019-10-01T09:36:56|2019-10-01T09:37:04|2019-10-02T03:45:15|COMPLETED|64|64|191000Mn||2-00:00:00|notch[019-020]|Atomic
609605|notchpeak|notchpeak-shared-short|notchpeak-shared-short|u0101881|2019-10-01T09:46:59|2019-10-01T09:47:00|2019-10-01T09:47:25|COMPLETED|8|8|4000Mc||00:05:00|notch[081-082]|parallel-multinode-iris.slr
609606|notchpeak|hoepfner-np|hoepfner-np|u1209387|2019-10-01T09:47:31|2019-10-01T09:47:38|2019-10-01T09:47:45|COMPLETED|80|80|191000Mn||2-12:00:00|notch[149-150]|Cyclotri
609609|notchpeak|notchpeak-shared-short|notchpeak-shared-short|u0101881|2019-10-01T09:48:46|2019-10-01T09:48:49|2019-10-01T09:48:53|FAILED|8|8|4000Mc||00:05:00|notch[081-082]|parallel-onenode-iris.slr
609610|notchpeak|hoepfner-np|hoepfner-np|u1209387|2019-10-01T09:49:24|2019-10-01T09:49:30|2019-10-01T09:49:33|COMPLETED|80|80|191000Mn||2-12:00:00|notch[149-150]|Cyclotri
609615|notchpeak|hoepfner-np|hoepfner-np|u1209387|2019-10-01T09:51:52|2019-10-01T09:51:57|2019-10-01T17:41:08|CANCELLED by 1293639|80|80|191000Mn||2-12:00:00|notch[149-150]|Cyclotri
610080|notchpeak|notchpeak|francoeur|u1053018|2019-10-01T15:58:44|2019-10-01T20:01:09|2019-10-01T20:04:05|COMPLETED|72|16|95000Mn||20:00:00|notch[008,097]|conventional
610082|notchpeak|hoepfner-np|hoepfner-np|u1209387|2019-10-01T16:22:57|2019-10-01T16:23:09|2019-10-01T16:23:49|COMPLETED|80|80|191000Mn||2-23:00:00|notch[148,151]|CycloH
610084|notchpeak|hoepfner-np|hoepfner-np|u1209387|2019-10-01T16:24:32|2019-10-01T16:24:42|2019-10-01T16:25:57|COMPLETED|80|80|191000Mn||2-23:00:00|notch[148,151]|CycloH
610095|notchpeak|hoepfner-np|hoepfner-np|u1209387|2019-10-01T17:42:51|2019-10-01T17:43:00|2019-10-01T17:43:05|COMPLETED|80|80|191000Mn||2-12:00:00|notch[149-150]|Cyclotri
610096|notchpeak|hoepfner-np|hoepfner-np|u1209387|2019-10-01T17:45:04|2019-10-01T17:45:08|2019-10-01T17:45:13|COMPLETED|80|80|191000Mn||2-12:00:00|notch[149-150]|Cyclotri
610097|notchpeak|hoepfner-np|hoepfner-np|u1209387|2019-10-01T17:46:33|2019-10-01T17:46:37|2019-10-01T17:46:41|COMPLETED|80|80|191000Mn||2-12:00:00|notch[149-150]|Cyclotri
610098|notchpeak|hoepfner-np|hoepfner-np|u1209387|2019-10-01T17:49:00|2019-10-01T17:49:11|2019-10-01T17:49:57|COMPLETED|80|80|191000Mn||2-12:00:00|notch[149-150]|Cyclotri
610099|notchpeak|hoepfner-np|hoepfner-np|u1209387|2019-10-01T18:16:50|2019-10-01T18:16:54|2019-10-01T18:17:06|COMPLETED|80|80|191000Mn||2-12:00:00|notch[149-150]|Cyclotri
610100|notchpeak|hoepfner-np|hoepfner-np|u1209387|2019-10-01T18:21:34|2019-10-01T18:21:38|2019-10-01T18:21:50|COMPLETED|80|80|191000Mn||2-12:00:00|notch[149-150]|Cyclotri
610101|notchpeak|hoepfner-np|hoepfner-np|u1209387|2019-10-01T18:22:33|2019-10-01T18:22:36|2019-10-01T18:25:06|CANCELLED by 1293639|80|80|191000Mn||2-12:00:00|notch[149-150]|Cyclotri
610102|notchpeak|hoepfner-np|hoepfner-np|u1209387|2019-10-01T18:26:00|2019-10-01T18:26:04|2019-10-02T06:59:00|COMPLETED|80|80|191000Mn||2-12:00:00|notch[149-150]|Cyclotri
610271|notchpeak|uspcasw-np|uspcasw-np|u6008431|2019-10-02T00:17:22|2019-10-02T00:20:35|2019-10-02T00:20:36|FAILED|160|120|95000Mn||3-00:00:00|notch[090-092,094]|wfc_200_cpu
610497|notchpeak|molinero-np|molinero-np|u0817896|2019-10-02T03:57:02|2019-10-02T03:59:46|2019-10-02T04:01:00|COMPLETED|64|32|95000Mn||05:00:00|notch[024-025]|IamGROOT
610498|notchpeak|molinero-np|molinero-np|u0817896|2019-10-02T04:02:37|2019-10-02T04:02:44|2019-10-02T04:40:32|FAILED|64|32|95000Mn||05:00:00|notch[024-025]|IamGROOT
610499|notchpeak|molinero-np|molinero-np|u0817896|2019-10-02T04:42:15|2019-10-02T04:42:23|2019-10-02T09:01:38|COMPLETED|64|32|95000Mn||05:00:00|notch[024-025]|IamGROOT
610500|notchpeak|uspcasw-np|uspcasw-np|u6008431|2019-10-02T05:35:55|2019-10-02T05:36:02|2019-10-02T05:36:03|FAILED|160|120|95000Mn||3-00:00:00|notch[090-092,094]|wfc_200_cpu
610516|notchpeak|efd-np|efd-np|u0890060|2019-10-02T08:14:20|2019-10-02T08:14:28|2019-10-02T08:14:31|FAILED|64|64|95000Mn||2-00:00:00|notch[050,054]|Solar3_vR2
610542|notchpeak|uspcasw-np|uspcasw-np|u6008431|2019-10-02T10:42:36|2019-10-02T10:45:54|2019-10-02T10:46:00|FAILED|200|200|95000Mn||3-00:00:00|notch[090-094]|wfc_200_cpu
610544|notchpeak|solidmech-np|solidmech-np|u0750212|2019-10-02T10:44:28|2019-10-02T10:44:35|2019-10-02T10:45:45|COMPLETED|64|64|191000Mn||2-00:00:00|notch[019-020]|Atomic
610546|notchpeak|uspcasw-np|uspcasw-np|u6008431|2019-10-02T10:49:27|2019-10-02T10:49:36|2019-10-02T10:49:41|FAILED|160|140|95000Mn||3-00:00:00|notch[090-093]|wfc_200_cpu
610549|notchpeak|uspcasw-np|uspcasw-np|u6008431|2019-10-02T10:52:47|2019-10-02T10:52:55|2019-10-02T10:53:00|FAILED|160|120|95000Mn||3-00:00:00|notch[090-092,094]|wfc_200_cpu
610550|notchpeak|solidmech-np|solidmech-np|u0750212|2019-10-02T10:54:37|2019-10-02T10:54:44|2019-10-02T10:55:46|COMPLETED|64|64|191000Mn||2-00:00:00|notch[019-020]|Atomic
610555|notchpeak|uspcasw-np|uspcasw-np|u6008431|2019-10-02T11:00:33|2019-10-02T11:00:40|2019-10-02T11:01:52|FAILED|160|100|95000Mn||3-00:00:00|notch[090-091,093-094]|wfc_200_cpu
610556|notchpeak|solidmech-np|solidmech-np|u0750212|2019-10-02T11:02:25|2019-10-02T11:02:33|2019-10-03T13:53:02|COMPLETED|64|64|191000Mn||2-00:00:00|notch[019-020]|Atomic
610559|notchpeak|uspcasw-np|uspcasw-np|u6008431|2019-10-02T11:05:01|2019-10-02T11:05:10|2019-10-03T23:27:16|COMPLETED|160|100|95000Mn||3-00:00:00|notch[090-093]|wfc_200_cpu
610573|notchpeak|hoepfner-np|hoepfner-np|u1209387|2019-10-02T11:14:37|2019-10-02T11:14:46|2019-10-02T15:41:43|COMPLETED|80|80|191000Mn||2-12:00:00|notch[148-149]|Cyclotri
610619|notchpeak|notchpeak|francoeur|u1053018|2019-10-02T12:25:01|2019-10-02T12:58:44|2019-10-02T13:58:36|COMPLETED|72|16|191000Mn||2-00:00:00|notch[014,106]|112z
610649|notchpeak|notchpeak|gruenwald|u0201542|2019-10-02T12:33:58|2019-10-02T14:44:43|2019-10-05T14:44:54|TIMEOUT|68|64|191000Mn||3-00:00:00|notch[012,068]|pd_280
610675|notchpeak|notchpeak-shared-short|notchpeak-shared-short|u1250086|2019-10-02T13:54:38|2019-10-02T13:54:39|2019-10-02T14:02:24|COMPLETED|32|32|4000Mc||03:00:00|notch[081-082]|ondemand/sys/dashboard/sys/comsol_app_np
610686|notchpeak|efd-np|efd-np|u0890060|2019-10-02T14:07:44|2019-10-02T14:07:51|2019-10-02T14:07:55|FAILED|64|64|95000Mn||2-00:00:00|notch[050,054]|Solar3_vR2
610688|notchpeak|efd-np|efd-np|u0890060|2019-10-02T14:09:40|2019-10-02T14:09:49|2019-10-04T14:09:57|TIMEOUT|64|64|95000Mn||2-00:00:00|notch[052-053]|Solar3_vR2
610699|notchpeak|zpu-np|zpu-np|u1237353|2019-10-02T14:26:10|2019-10-02T14:26:17|2019-10-02T16:29:37|COMPLETED|80|80|191000Mn||02:30:00|notch[098-099]|wps
610701|notchpeak|zpu-np|zpu-np|u1237353|2019-10-02T14:26:38|2019-10-02T14:30:05|2019-10-02T16:09:29|COMPLETED|80|80|191000Mn||02:30:00|notch[100-101]|wps
610702|notchpeak|zpu-np|zpu-np|u1237353|2019-10-02T14:26:53|2019-10-02T14:30:05|2019-10-02T16:17:04|COMPLETED|64|64|95000Mn||02:30:00|notch[028,061]|wps
610834|notchpeak|hoepfner-np|hoepfner-np|u1209387|2019-10-02T16:10:05|2019-10-02T16:10:24|2019-10-02T16:11:55|CANCELLED by 1293639|80|80|191000Mn||2-12:00:00|notch[148-149]|Cyclotri
610835|notchpeak|hoepfner-np|hoepfner-np|u1209387|2019-10-02T16:12:24|2019-10-02T16:12:30|2019-10-02T23:48:19|COMPLETED|80|80|191000Mn||2-12:00:00|notch[148-149]|Cyclotri
612778|notchpeak|hoepfner-np|hoepfner-np|u1209387|2019-10-03T10:56:01|2019-10-03T10:56:08|2019-10-03T12:34:53|COMPLETED|120|120|191000Mn||2-12:00:00|notch[148-150]|Cyclotri
612804|notchpeak|notchpeak-guest|owner-guest|u0668434|2019-10-03T11:57:18|2019-10-04T10:58:00|2019-10-04T13:21:08|PREEMPTED|72|2|191000Mn||3-00:00:00|notch[020,111]|lonepeak.slurm
612805|notchpeak|notchpeak-guest|owner-guest|u0668434|2019-10-03T11:57:40|2019-10-04T11:03:09|2019-10-04T11:19:18|COMPLETED|80|2|191000Mn||3-00:00:00|notch[148-149]|lonepeak.slurm
612806|notchpeak|notchpeak-guest|owner-guest|u0668434|2019-10-03T11:57:59|2019-10-04T11:03:09|2019-10-04T11:19:16|COMPLETED|72|2|95000Mn||3-00:00:00|notch[080,151]|lonepeak.slurm
612807|notchpeak|notchpeak-guest|owner-guest|u0668434|2019-10-03T11:58:09|2019-10-04T11:06:22|2019-10-04T11:23:36|PREEMPTED|64|2|95000Mn||3-00:00:00|notch[070-071]|lonepeak.slurm
612808|notchpeak|notchpeak-guest|owner-guest|u0668434|2019-10-03T12:00:39|2019-10-04T11:10:18|2019-10-04T14:14:03|PREEMPTED|64|2|95000Mn||3-00:00:00|notch[029,057]|lonepeak.slurm
612809|notchpeak|notchpeak-guest|owner-guest|u0668434|2019-10-03T12:00:58|2019-10-04T11:11:13|2019-10-04T11:11:16|PREEMPTED|64|2|95000Mn||3-00:00:00|notch[022,064]|lonepeak.slurm
612810|notchpeak|notchpeak-guest|owner-guest|u0668434|2019-10-03T12:02:59|2019-10-04T11:13:11|2019-10-04T14:14:07|PREEMPTED|64|2|95000Mn||3-00:00:00|notch[058,064]|lonepeak.slurm
612811|notchpeak|notchpeak-guest|owner-guest|u0668434|2019-10-03T12:03:13|2019-10-04T11:19:21|2019-10-04T11:53:00|PREEMPTED|80|2|191000Mn||3-00:00:00|notch[148-149]|lonepeak.slurm
612813|notchpeak|notchpeak-guest|owner-guest|u0668434|2019-10-03T12:03:29|2019-10-04T11:19:21|2019-10-04T11:53:00|PREEMPTED|72|2|95000Mn||3-00:00:00|notch[076,151]|lonepeak.slurm
612814|notchpeak|notchpeak-guest|owner-guest|u0668434|2019-10-03T12:04:07|2019-10-04T11:21:37|2019-10-04T14:14:11|PREEMPTED|64|2|95000Mn||3-00:00:00|notch[077,080]|lonepeak.slurm
612815|notchpeak|notchpeak-guest|owner-guest|u0668434|2019-10-03T12:04:27|2019-10-04T11:23:36|2019-10-04T14:14:15|PREEMPTED|64|2|95000Mn||3-00:00:00|notch[046,059]|lonepeak.slurm
612816|notchpeak|notchpeak-guest|owner-guest|u0668434|2019-10-03T12:04:46|2019-10-04T11:25:56|2019-10-04T11:31:31|PREEMPTED|64|2|191000Mn||3-00:00:00|notch[026,070]|lonepeak.slurm
612817|notchpeak|notchpeak-guest|owner-guest|u0668434|2019-10-03T12:04:58|2019-10-04T11:27:53|2019-10-04T11:28:15|PREEMPTED|72|2|95000Mn||3-00:00:00|notch[071,109]|lonepeak.slurm
612819|notchpeak|notchpeak-guest|owner-guest|u0668434|2019-10-03T12:06:33|2019-10-04T11:28:27|2019-10-05T11:27:28|COMPLETED|72|2|95000Mn||3-00:00:00|notch[048,109]|lonepeak.slurm
612820|notchpeak|notchpeak-guest|owner-guest|u0668434|2019-10-03T12:07:15|2019-10-04T11:32:15|2019-10-04T11:34:27|PREEMPTED|64|2|191000Mn||3-00:00:00|notch[026,070]|lonepeak.slurm
612821|notchpeak|notchpeak-guest|owner-guest|u0668434|2019-10-03T12:07:34|2019-10-04T11:34:21|2019-10-04T14:14:19|PREEMPTED|80|2|191000Mn||3-00:00:00|notch[116,134]|lonepeak.slurm
612822|notchpeak|notchpeak-guest|owner-guest|u0668434|2019-10-03T12:07:54|2019-10-04T11:35:05|2019-10-04T11:51:37|PREEMPTED|64|2|191000Mn||3-00:00:00|notch[026,070]|lonepeak.slurm
612823|notchpeak|notchpeak-guest|owner-guest|u0668434|2019-10-03T12:08:43|2019-10-04T11:37:53|2019-10-05T16:15:44|COMPLETED|72|2|95000Mn||3-00:00:00|notch[033,146]|lonepeak.slurm
612824|notchpeak|notchpeak-guest|owner-guest|u0668434|2019-10-03T12:09:31|2019-10-04T11:42:23|2019-10-05T07:23:20|COMPLETED|64|2|95000Mn||3-00:00:00|notch[061-062]|lonepeak.slurm
612825|notchpeak|notchpeak-guest|owner-guest|u0668434|2019-10-03T12:09:56|2019-10-04T11:45:11|2019-10-05T12:15:05|COMPLETED|72|2|95000Mn||3-00:00:00|notch[063,092]|lonepeak.slurm
612826|notchpeak|notchpeak-guest|owner-guest|u0668434|2019-10-03T12:11:00|2019-10-04T11:50:11|2019-10-04T15:25:27|PREEMPTED|72|2|95000Mn||3-00:00:00|notch[032,102]|lonepeak.slurm
612864|notchpeak|hoepfner-np|hoepfner-np|u1209387|2019-10-03T13:08:43|2019-10-03T13:08:52|2019-10-03T14:00:02|COMPLETED|120|120|191000Mn||2-12:00:00|notch[148-150]|Cyclotri
612888|notchpeak|solidmech-np|solidmech-np|u0674703|2019-10-03T14:14:23|2019-10-03T14:16:42|2019-10-03T17:51:20|COMPLETED|208|208|191000Mn||5-08:00:00|notch[021-023,069,104-105]|Run_Simulation.slurm
612893|notchpeak|hoepfner-np|hoepfner-np|u1209387|2019-10-03T14:19:31|2019-10-03T14:19:42|2019-10-03T14:53:28|COMPLETED|120|120|191000Mn||2-12:00:00|notch[148-150]|Cyclotri
612901|notchpeak|zpu-np|zpu-np|u1237353|2019-10-03T14:32:06|2019-10-03T14:32:14|2019-10-03T14:36:02|COMPLETED|80|80|191000Mn||01:30:00|notch[100-101]|wrf
612903|notchpeak|zpu-np|zpu-np|u1237353|2019-10-03T14:32:27|2019-10-03T14:32:34|2019-10-03T14:32:39|COMPLETED|80|80|191000Mn||01:30:00|notch[098-099]|wrf
612904|notchpeak|zpu-np|zpu-np|u1237353|2019-10-03T14:32:49|2019-10-03T14:32:57|2019-10-03T14:37:13|COMPLETED|64|64|95000Mn||01:30:00|notch[028,062]|wrf
612909|notchpeak|zpu-np|zpu-np|u1237353|2019-10-03T14:35:45|2019-10-03T14:35:56|2019-10-03T14:39:40|COMPLETED|80|80|191000Mn||01:30:00|notch[098-099]|wrf
612910|notchpeak|zpu-np|zpu-np|u1237353|2019-10-03T14:37:20|2019-10-03T14:37:30|2019-10-03T15:07:15|COMPLETED|80|80|191000Mn||02:30:00|notch[100-101]|wps
612957|notchpeak|zpu-np|zpu-np|u1237353|2019-10-03T16:46:59|2019-10-03T16:47:42|2019-10-03T16:51:44|COMPLETED|80|80|191000Mn||01:30:00|notch[098-099]|wrf
612958|notchpeak|zpu-np|zpu-np|u1237353|2019-10-03T17:12:29|2019-10-03T17:12:35|2019-10-03T21:46:21|COMPLETED|80|80|191000Mn||2-12:00:00|notch[100-101]|wrf_36
612959|notchpeak|zpu-np|zpu-np|u1237353|2019-10-03T17:13:38|2019-10-03T17:16:13|2019-10-03T21:52:55|COMPLETED|80|80|191000Mn||2-12:00:00|notch[098-099]|wrf_37
612960|notchpeak|zpu-np|zpu-np|u1237353|2019-10-03T17:13:41|2019-10-03T17:14:01|2019-10-03T17:16:07|CANCELLED by 1322941|80|64|191000Mn||10:00:00|notch[098-099]|wrf_38
612961|notchpeak|zpu-np|zpu-np|u1237353|2019-10-03T17:16:56|2019-10-03T17:17:03|2019-10-03T17:17:07|FAILED|64|64|95000Mn||06:00:00|notch[028-029]|gsi
612962|notchpeak|zpu-np|zpu-np|u1237353|2019-10-03T17:18:08|2019-10-03T17:18:17|2019-10-03T22:55:18|COMPLETED|64|64|95000Mn||10:00:00|notch[061-062]|wrf_38
612984|notchpeak|hoepfner-np|hoepfner-np|u1209387|2019-10-03T20:33:16|2019-10-03T20:33:23|2019-10-03T20:33:39|CANCELLED by 1293639|120|120|191000Mn||2-12:00:00|notch[148-150]|Cyclotri
612990|notchpeak|solidmech-np|solidmech-np|u0750212|2019-10-03T21:04:39|2019-10-03T21:04:44|2019-10-04T05:03:07|COMPLETED|80|64|191000Mn||2-00:00:00|notch[104-105]|Atomic
612993|notchpeak|hoepfner-np|hoepfner-np|u1209387|2019-10-03T21:27:22|2019-10-03T21:27:29|2019-10-03T21:27:41|COMPLETED|80|80|191000Mn||2-22:00:00|notch[148-149]|Cyclocircle
612999|notchpeak|hoepfner-np|hoepfner-np|u1209387|2019-10-03T21:46:12|2019-10-03T21:46:20|2019-10-03T21:46:30|COMPLETED|80|80|191000Mn||2-22:00:00|notch[148-149]|Cyclocircle
613001|notchpeak|zpu-np|zpu-np|u1237353|2019-10-03T21:49:59|2019-10-03T21:50:06|2019-10-03T21:51:56|COMPLETED|80|80|191000Mn||06:00:00|notch[100-101]|gsi
613002|notchpeak|zpu-np|zpu-np|u1237353|2019-10-03T21:52:00|2019-10-03T21:52:07|2019-10-03T21:56:45|COMPLETED|80|80|191000Mn||06:00:00|notch[100-101]|gsi
613003|notchpeak|hoepfner-np|hoepfner-np|u1209387|2019-10-03T21:55:29|2019-10-04T00:25:45|2019-10-04T00:25:55|COMPLETED|120|120|191000Mn||2-12:00:00|notch[148-149,151]|Cyclotri
613004|notchpeak|zpu-np|zpu-np|u1237353|2019-10-03T21:56:53|2019-10-03T21:56:59|2019-10-03T21:58:56|COMPLETED|80|80|191000Mn||06:00:00|notch[098-099]|gsi
613005|notchpeak|zpu-np|zpu-np|u1237353|2019-10-03T21:57:04|2019-10-03T21:57:09|2019-10-03T22:10:09|COMPLETED|80|80|191000Mn||06:00:00|notch[100-101]|gsi
613006|notchpeak|zpu-np|zpu-np|u1237353|2019-10-03T21:59:25|2019-10-03T21:59:31|2019-10-03T22:04:08|COMPLETED|80|80|191000Mn||06:00:00|notch[098-099]|gsi
613008|notchpeak|zpu-np|zpu-np|u1237353|2019-10-03T22:04:29|2019-10-03T22:04:38|2019-10-03T22:17:19|COMPLETED|80|80|191000Mn||06:00:00|notch[098-099]|gsi
613010|notchpeak|zpu-np|zpu-np|u1237353|2019-10-03T22:10:54|2019-10-03T22:11:00|2019-10-04T03:05:32|COMPLETED|80|80|191000Mn||2-12:00:00|notch[100-101]|wrf_36
613012|notchpeak|zpu-np|zpu-np|u1237353|2019-10-03T22:17:47|2019-10-03T22:17:53|2019-10-04T03:16:44|COMPLETED|80|80|191000Mn||2-12:00:00|notch[098-099]|wrf_37
613022|notchpeak|notchpeak-guest|owner-guest|u0931123|2019-10-03T22:57:29|2019-10-04T11:51:40|2019-10-04T12:04:52|FAILED|64|40|95000Mn||3-00:00:00|notch[030,070]|diphenyl-ester-phenyl-NO2_100-np
613023|notchpeak|zpu-np|zpu-np|u1237353|2019-10-03T22:58:40|2019-10-03T22:58:47|2019-10-03T23:00:34|COMPLETED|64|64|95000Mn||06:00:00|notch[028,030]|gsi
613024|notchpeak|zpu-np|zpu-np|u1237353|2019-10-03T23:00:41|2019-10-03T23:00:49|2019-10-03T23:05:45|COMPLETED|64|64|95000Mn||06:00:00|notch[027,029]|gsi
613025|notchpeak|zpu-np|zpu-np|u1237353|2019-10-03T23:06:14|2019-10-03T23:06:23|2019-10-03T23:19:31|COMPLETED|64|64|95000Mn||06:00:00|notch[063-064]|gsi
613027|notchpeak|zpu-np|zpu-np|u1237353|2019-10-03T23:20:01|2019-10-03T23:20:09|2019-10-04T05:23:32|COMPLETED|64|64|95000Mn||10:00:00|notch[061-062]|wrf_38
613034|notchpeak|uspcasw-np|uspcasw-np|u6008431|2019-10-04T02:31:19|2019-10-04T02:31:29|2019-10-05T15:08:38|COMPLETED|160|100|95000Mn||3-00:00:00|notch[090,093-095]|wfc_200_cpu
613035|notchpeak|zpu-np|zpu-np|u1237353|2019-10-04T03:09:03|2019-10-04T03:09:10|2019-10-04T03:10:56|COMPLETED|80|80|191000Mn||06:00:00|notch[100-101]|gsi
613036|notchpeak|zpu-np|zpu-np|u1237353|2019-10-04T03:11:04|2019-10-04T03:11:10|2019-10-04T03:15:22|COMPLETED|80|80|191000Mn||06:00:00|notch[100-101]|gsi
613037|notchpeak|zpu-np|zpu-np|u1237353|2019-10-04T03:15:38|2019-10-04T03:15:44|2019-10-04T03:30:41|COMPLETED|80|80|191000Mn||06:00:00|notch[100-101]|gsi
613038|notchpeak|zpu-np|zpu-np|u1237353|2019-10-04T03:19:49|2019-10-04T03:19:56|2019-10-04T03:21:42|COMPLETED|80|80|191000Mn||06:00:00|notch[098-099]|gsi
613039|notchpeak|zpu-np|zpu-np|u1237353|2019-10-04T03:21:50|2019-10-04T03:21:57|2019-10-04T03:26:06|COMPLETED|80|80|191000Mn||06:00:00|notch[098-099]|gsi
613040|notchpeak|zpu-np|zpu-np|u1237353|2019-10-04T03:26:23|2019-10-04T03:26:29|2019-10-04T03:41:25|COMPLETED|80|80|191000Mn||06:00:00|notch[098-099]|gsi
613041|notchpeak|zpu-np|zpu-np|u1237353|2019-10-04T03:31:27|2019-10-04T03:31:33|2019-10-04T08:30:42|COMPLETED|80|80|191000Mn||2-12:00:00|notch[100-101]|wrf_36
613042|notchpeak|zpu-np|zpu-np|u1237353|2019-10-04T03:42:11|2019-10-04T03:42:18|2019-10-04T08:43:12|COMPLETED|80|80|191000Mn||2-12:00:00|notch[098-099]|wrf_37
613043|notchpeak|zpu-np|zpu-np|u1237353|2019-10-04T05:26:39|2019-10-04T05:26:48|2019-10-04T05:27:44|COMPLETED|64|64|95000Mn||06:00:00|notch[028-029]|gsi
613044|notchpeak|zpu-np|zpu-np|u1237353|2019-10-04T05:28:10|2019-10-04T05:28:20|2019-10-04T05:29:33|COMPLETED|64|64|95000Mn||06:00:00|notch[030,064]|gsi
613045|notchpeak|zpu-np|zpu-np|u1237353|2019-10-04T05:29:43|2019-10-04T05:29:50|2019-10-04T05:32:17|COMPLETED|64|64|95000Mn||06:00:00|notch[027,061]|gsi
613046|notchpeak|zpu-np|zpu-np|u1237353|2019-10-04T05:32:59|2019-10-04T05:33:06|2019-10-04T11:42:18|COMPLETED|64|64|95000Mn||10:00:00|notch[062-063]|wrf_38
613047|notchpeak|hoepfner-np|hoepfner-np|u1209387|2019-10-04T05:42:50|2019-10-04T05:42:58|2019-10-04T05:43:08|COMPLETED|120|120|191000Mn||2-12:00:00|notch[148-149,151]|Cyclotri
613048|notchpeak|hoepfner-np|hoepfner-np|u1209387|2019-10-04T05:45:03|2019-10-04T05:45:10|2019-10-04T06:05:29|COMPLETED|120|120|191000Mn||2-12:00:00|notch[148-149,151]|Cyclotri
613849|notchpeak|hoepfner-np|hoepfner-np|u1209387|2019-10-04T06:13:35|2019-10-04T06:13:43|2019-10-04T10:56:32|COMPLETED|120|120|191000Mn||2-12:00:00|notch[148-149,151]|Cyclotri
613851|notchpeak|zpu-np|zpu-np|u1237353|2019-10-04T08:34:00|2019-10-04T08:34:09|2019-10-04T08:36:00|COMPLETED|80|80|191000Mn||06:00:00|notch[100-101]|gsi
613852|notchpeak|zpu-np|zpu-np|u1237353|2019-10-04T08:36:32|2019-10-04T08:36:38|2019-10-04T08:41:12|COMPLETED|80|80|191000Mn||06:00:00|notch[100-101]|gsi
613853|notchpeak|zpu-np|zpu-np|u1237353|2019-10-04T08:41:36|2019-10-04T08:41:40|2019-10-04T08:54:21|COMPLETED|80|80|191000Mn||06:00:00|notch[100-101]|gsi
613854|notchpeak|zpu-np|zpu-np|u1237353|2019-10-04T08:46:48|2019-10-04T08:46:56|2019-10-04T08:48:51|COMPLETED|80|80|191000Mn||06:00:00|notch[098-099]|gsi
613855|notchpeak|zpu-np|zpu-np|u1237353|2019-10-04T08:49:20|2019-10-04T08:49:26|2019-10-04T08:53:54|COMPLETED|80|80|191000Mn||06:00:00|notch[098-099]|gsi
613856|notchpeak|zpu-np|zpu-np|u1237353|2019-10-04T08:54:23|2019-10-04T08:54:27|2019-10-04T09:06:47|COMPLETED|80|80|191000Mn||06:00:00|notch[100-101]|gsi
613857|notchpeak|zpu-np|zpu-np|u1237353|2019-10-04T08:54:56|2019-10-04T08:55:04|2019-10-04T13:56:54|COMPLETED|80|80|191000Mn||2-12:00:00|notch[098-099]|wrf_36
613861|notchpeak|zpu-np|zpu-np|u1237353|2019-10-04T09:07:15|2019-10-04T09:07:21|2019-10-04T14:07:24|COMPLETED|80|80|191000Mn||2-12:00:00|notch[100-101]|wrf_37
613883|notchpeak|solidmech-np|solidmech-np|u0750212|2019-10-04T10:32:20|2019-10-04T10:32:25|2019-10-04T10:33:35|COMPLETED|72|64|191000Mn||2-00:00:00|notch[019,105]|Atomic
613895|notchpeak|hoepfner-np|hoepfner-np|u1209387|2019-10-04T11:02:30|2019-10-04T11:02:36|2019-10-04T11:03:06|COMPLETED|120|120|191000Mn||2-12:00:00|notch[148-149,151]|Cyclotri
613900|notchpeak|zpu-np|zpu-np|u1237353|2019-10-04T11:10:03|2019-10-04T11:10:11|2019-10-04T11:10:15|FAILED|64|64|95000Mn||06:00:00|notch[029,064]|gsi
613902|notchpeak|solidmech-np|solidmech-np|u0674703|2019-10-04T11:11:15|2019-10-04T11:11:23|2019-10-04T14:15:18|COMPLETED|208|208|191000Mn||5-08:00:00|notch[021-023,069,104-105]|Run_Simulation.slurm
613915|notchpeak|hoepfner-np|hoepfner-np|u1209387|2019-10-04T11:52:58|2019-10-04T11:53:04|2019-10-04T11:53:21|COMPLETED|120|120|191000Mn||2-12:00:00|notch[148-149,151]|Cyclotri
613916|notchpeak|hoepfner-np|hoepfner-np|u1209387|2019-10-04T11:59:49|2019-10-04T12:00:01|2019-10-04T12:00:09|COMPLETED|120|120|191000Mn||2-12:00:00|notch[148-149,151]|Cyclotri
613917|notchpeak|hoepfner-np|hoepfner-np|u1209387|2019-10-04T12:01:18|2019-10-04T12:01:25|2019-10-04T12:08:42|COMPLETED|120|120|191000Mn||2-12:00:00|notch[148-149,151]|Cyclotri
613920|notchpeak|hoepfner-np|hoepfner-np|u1209387|2019-10-04T12:11:26|2019-10-04T12:11:33|2019-10-04T13:58:19|COMPLETED|80|80|191000Mn||2-12:00:00|notch[148-149]|Cyclotri
613939|notchpeak|zpu-np|zpu-np|u1237353|2019-10-04T13:13:39|2019-10-04T13:13:46|2019-10-04T13:15:36|COMPLETED|64|64|95000Mn||06:00:00|notch[027-028]|gsi
613940|notchpeak|zpu-np|zpu-np|u1237353|2019-10-04T13:15:40|2019-10-04T13:15:48|2019-10-04T13:20:55|COMPLETED|64|64|95000Mn||06:00:00|notch[027,030]|gsi
613942|notchpeak|solidmech-np|solidmech-np|u0750212|2019-10-04T13:21:07|2019-10-04T13:23:59|2019-10-04T13:25:02|COMPLETED|64|64|191000Mn||2-00:00:00|notch[019-020]|Atomic
613943|notchpeak|zpu-np|zpu-np|u1237353|2019-10-04T13:21:13|2019-10-04T13:21:20|2019-10-04T13:34:32|COMPLETED|64|64|95000Mn||06:00:00|notch[027-028]|gsi
613945|notchpeak|zpu-np|zpu-np|u1237353|2019-10-04T13:35:00|2019-10-04T13:35:06|2019-10-04T19:51:13|COMPLETED|64|64|95000Mn||10:00:00|notch[027,030]|wrf_38
613949|notchpeak|zpu-np|zpu-np|u1237353|2019-10-04T14:00:31|2019-10-04T14:00:38|2019-10-04T14:02:31|COMPLETED|80|80|191000Mn||06:00:00|notch[098-099]|gsi
613950|notchpeak|zpu-np|zpu-np|u1237353|2019-10-04T14:03:04|2019-10-04T14:03:11|2019-10-04T14:07:18|COMPLETED|80|80|191000Mn||06:00:00|notch[098-099]|gsi
613951|notchpeak|zpu-np|zpu-np|u1237353|2019-10-04T14:07:37|2019-10-04T14:07:44|2019-10-04T14:20:13|COMPLETED|80|80|191000Mn||06:00:00|notch[098-099]|gsi
613955|notchpeak|zpu-np|zpu-np|u1237353|2019-10-04T14:11:08|2019-10-04T14:11:15|2019-10-04T14:13:06|COMPLETED|80|80|191000Mn||06:00:00|notch[100-101]|gsi
614118|notchpeak|zpu-np|zpu-np|u1237353|2019-10-04T14:13:39|2019-10-04T14:13:48|2019-10-04T14:18:09|COMPLETED|80|80|191000Mn||06:00:00|notch[100-101]|gsi
614119|notchpeak|zpu-np|zpu-np|u1237353|2019-10-04T14:18:44|2019-10-04T14:18:52|2019-10-04T14:30:59|COMPLETED|80|80|191000Mn||06:00:00|notch[100-101]|gsi
614120|notchpeak|zpu-np|zpu-np|u1237353|2019-10-04T14:20:56|2019-10-04T14:21:02|2019-10-04T19:21:17|COMPLETED|80|80|191000Mn||2-12:00:00|notch[098-099]|wrf_36
614209|notchpeak|zpu-np|zpu-np|u1237353|2019-10-04T14:31:34|2019-10-04T14:31:40|2019-10-04T19:31:14|COMPLETED|80|80|191000Mn||2-12:00:00|notch[100-101]|wrf_37
614216|notchpeak|hoepfner-np|hoepfner-np|u1209387|2019-10-04T15:10:26|2019-10-04T15:10:33|2019-10-04T23:58:34|COMPLETED|80|80|191000Mn||2-12:00:00|notch[148-149]|Cyclotri
614217|notchpeak|solidmech-np|solidmech-np|u0750212|2019-10-04T15:14:57|2019-10-04T15:15:02|2019-10-04T15:15:26|CANCELLED by 821836|72|64|191000Mn||2-00:00:00|notch[019,105]|Atomic
614218|notchpeak|solidmech-np|solidmech-np|u0750212|2019-10-04T15:15:29|2019-10-04T15:15:32|2019-10-05T09:33:58|COMPLETED|72|64|191000Mn||2-00:00:00|notch[019,105]|Atomic
614225|notchpeak|deo-np|deo-np|u1011561|2019-10-04T15:55:13|2019-10-04T15:55:57|2019-10-04T16:37:46|COMPLETED|240|240|191000Mn||6-06:00:00|notch[124-129]|SiQuench
614590|notchpeak|zpu-np|zpu-np|u1237353|2019-10-04T19:24:32|2019-10-04T19:24:40|2019-10-04T19:26:31|COMPLETED|80|80|191000Mn||06:00:00|notch[098-099]|gsi
614591|notchpeak|zpu-np|zpu-np|u1237353|2019-10-04T19:27:04|2019-10-04T19:27:10|2019-10-04T19:31:47|COMPLETED|80|80|191000Mn||06:00:00|notch[098-099]|gsi
614592|notchpeak|zpu-np|zpu-np|u1237353|2019-10-04T19:32:08|2019-10-04T19:32:15|2019-10-04T19:45:14|COMPLETED|80|80|191000Mn||06:00:00|notch[100-101]|gsi
614593|notchpeak|zpu-np|zpu-np|u1237353|2019-10-04T19:34:44|2019-10-04T19:34:51|2019-10-04T19:36:48|COMPLETED|80|80|191000Mn||06:00:00|notch[098-099]|gsi
614594|notchpeak|zpu-np|zpu-np|u1237353|2019-10-04T19:37:16|2019-10-04T19:37:23|2019-10-04T19:42:01|COMPLETED|80|80|191000Mn||06:00:00|notch[098-099]|gsi
614595|notchpeak|zpu-np|zpu-np|u1237353|2019-10-04T19:42:20|2019-10-04T19:42:25|2019-10-04T19:55:15|COMPLETED|80|80|191000Mn||06:00:00|notch[098-099]|gsi
614596|notchpeak|zpu-np|zpu-np|u1237353|2019-10-04T19:45:57|2019-10-04T19:46:07|2019-10-05T00:41:15|COMPLETED|80|80|191000Mn||2-12:00:00|notch[100-101]|wrf_36
614597|notchpeak|zpu-np|zpu-np|u1237353|2019-10-04T19:54:26|2019-10-04T19:54:33|2019-10-04T19:55:34|COMPLETED|64|64|95000Mn||06:00:00|notch[028,064]|gsi
614598|notchpeak|zpu-np|zpu-np|u1237353|2019-10-04T19:55:57|2019-10-04T19:56:05|2019-10-04T19:57:28|COMPLETED|64|64|95000Mn||06:00:00|notch[027,029]|gsi
614599|notchpeak|zpu-np|zpu-np|u1237353|2019-10-04T19:56:10|2019-10-04T19:56:19|2019-10-05T00:52:46|COMPLETED|80|80|191000Mn||2-12:00:00|notch[098-099]|wrf_37
614600|notchpeak|zpu-np|zpu-np|u1237353|2019-10-04T19:58:00|2019-10-04T19:58:07|2019-10-04T20:00:34|COMPLETED|64|64|95000Mn||06:00:00|notch[028,030]|gsi
614601|notchpeak|zpu-np|zpu-np|u1237353|2019-10-04T20:01:16|2019-10-04T20:01:25|2019-10-05T02:10:53|COMPLETED|64|64|95000Mn||10:00:00|notch[027,064]|wrf_38
615130|notchpeak|zpu-np|zpu-np|u1237353|2019-10-05T00:44:56|2019-10-05T00:45:05|2019-10-05T00:46:50|COMPLETED|80|80|191000Mn||06:00:00|notch[100-101]|gsi
615131|notchpeak|zpu-np|zpu-np|u1237353|2019-10-05T00:46:57|2019-10-05T00:47:03|2019-10-05T00:51:06|COMPLETED|80|80|191000Mn||06:00:00|notch[100-101]|gsi
615132|notchpeak|zpu-np|zpu-np|u1237353|2019-10-05T00:51:31|2019-10-05T00:51:35|2019-10-05T01:03:13|COMPLETED|80|80|191000Mn||06:00:00|notch[100-101]|gsi
615133|notchpeak|hoepfner-np|hoepfner-np|u1209387|2019-10-05T00:54:09|2019-10-05T00:54:16|2019-10-05T12:02:10|COMPLETED|80|80|191000Mn||2-22:00:00|notch[148,150]|Cyclocircle
615134|notchpeak|zpu-np|zpu-np|u1237353|2019-10-05T00:55:51|2019-10-05T00:57:05|2019-10-05T00:58:55|COMPLETED|80|80|191000Mn||06:00:00|notch[098-099]|gsi
615135|notchpeak|zpu-np|zpu-np|u1237353|2019-10-05T00:59:22|2019-10-05T00:59:29|2019-10-05T01:03:31|COMPLETED|80|80|191000Mn||06:00:00|notch[098-099]|gsi
615136|notchpeak|zpu-np|zpu-np|u1237353|2019-10-05T01:03:49|2019-10-05T01:03:55|2019-10-05T06:01:48|COMPLETED|80|80|191000Mn||2-12:00:00|notch[100-101]|wrf_36
615137|notchpeak|zpu-np|zpu-np|u1237353|2019-10-05T01:03:56|2019-10-05T01:04:03|2019-10-05T01:16:16|COMPLETED|80|80|191000Mn||06:00:00|notch[098-099]|gsi
615138|notchpeak|hoepfner-np|hoepfner-np|u1209387|2019-10-05T01:07:49|2019-10-05T01:07:57|2019-10-05T11:34:05|COMPLETED|80|80|191000Mn||2-12:00:00|notch[149,151]|Cyclotri
615140|notchpeak|zpu-np|zpu-np|u1237353|2019-10-05T01:16:45|2019-10-05T01:16:51|2019-10-05T06:16:46|COMPLETED|80|80|191000Mn||2-12:00:00|notch[098-099]|wrf_37
615141|notchpeak|efd-np|efd-np|u0890060|2019-10-05T01:38:33|2019-10-05T01:38:40|2019-10-07T01:39:08|TIMEOUT|64|64|95000Mn||2-00:00:00|notch[052-053]|Solar3_vR2
615142|notchpeak|zpu-np|zpu-np|u1237353|2019-10-05T02:14:17|2019-10-05T02:14:27|2019-10-05T02:16:15|COMPLETED|64|64|95000Mn||06:00:00|notch[029-030]|gsi
615143|notchpeak|zpu-np|zpu-np|u1237353|2019-10-05T02:16:49|2019-10-05T02:16:57|2019-10-05T02:22:01|COMPLETED|64|64|95000Mn||06:00:00|notch[027-028]|gsi
615144|notchpeak|zpu-np|zpu-np|u1237353|2019-10-05T02:22:22|2019-10-05T02:22:29|2019-10-05T02:36:29|COMPLETED|64|64|95000Mn||06:00:00|notch[029,064]|gsi
615145|notchpeak|zpu-np|zpu-np|u1237353|2019-10-05T02:37:14|2019-10-05T02:37:22|2019-10-05T08:48:40|COMPLETED|64|64|95000Mn||10:00:00|notch[027,030]|wrf_38
615146|notchpeak|zpu-np|zpu-np|u1237353|2019-10-05T06:05:19|2019-10-05T06:05:27|2019-10-05T06:07:17|COMPLETED|80|80|191000Mn||06:00:00|notch[100-101]|gsi
615147|notchpeak|zpu-np|zpu-np|u1237353|2019-10-05T06:07:51|2019-10-05T06:07:58|2019-10-05T06:12:24|COMPLETED|80|80|191000Mn||06:00:00|notch[100-101]|gsi
615149|notchpeak|zpu-np|zpu-np|u1237353|2019-10-05T06:12:53|2019-10-05T06:13:00|2019-10-05T06:25:21|COMPLETED|80|80|191000Mn||06:00:00|notch[100-101]|gsi
615150|notchpeak|zpu-np|zpu-np|u1237353|2019-10-05T06:20:44|2019-10-05T06:20:51|2019-10-05T06:22:47|COMPLETED|80|80|191000Mn||06:00:00|notch[098-099]|gsi
615151|notchpeak|zpu-np|zpu-np|u1237353|2019-10-05T06:23:15|2019-10-05T06:23:21|2019-10-05T06:27:49|COMPLETED|80|80|191000Mn||06:00:00|notch[098-099]|gsi
615152|notchpeak|zpu-np|zpu-np|u1237353|2019-10-05T06:26:11|2019-10-05T06:26:18|2019-10-05T11:24:37|COMPLETED|80|80|191000Mn||2-12:00:00|notch[100-101]|wrf_36
615153|notchpeak|zpu-np|zpu-np|u1237353|2019-10-05T06:28:19|2019-10-05T06:28:26|2019-10-05T06:40:34|COMPLETED|80|80|191000Mn||06:00:00|notch[098-099]|gsi
615154|notchpeak|zpu-np|zpu-np|u1237353|2019-10-05T06:41:07|2019-10-05T06:41:14|2019-10-05T11:43:53|COMPLETED|80|80|191000Mn||2-12:00:00|notch[098-099]|wrf_37
615161|notchpeak|zpu-np|zpu-np|u1237353|2019-10-05T08:51:58|2019-10-05T08:52:06|2019-10-05T08:53:05|COMPLETED|64|64|95000Mn||06:00:00|notch[029,061]|gsi
615162|notchpeak|zpu-np|zpu-np|u1237353|2019-10-05T08:53:29|2019-10-05T08:53:37|2019-10-05T08:54:48|COMPLETED|64|64|95000Mn||06:00:00|notch[027,062]|gsi
615163|notchpeak|zpu-np|zpu-np|u1237353|2019-10-05T08:55:02|2019-10-05T08:55:48|2019-10-05T08:57:44|COMPLETED|64|64|95000Mn||06:00:00|notch[030,064]|gsi
615164|notchpeak|zpu-np|zpu-np|u1237353|2019-10-05T08:58:21|2019-10-05T08:58:28|2019-10-05T15:15:43|COMPLETED|64|64|95000Mn||10:00:00|notch[028-029]|wrf_38
615177|notchpeak|zpu-np|zpu-np|u1237353|2019-10-05T11:28:23|2019-10-05T11:28:30|2019-10-05T11:30:17|COMPLETED|80|80|191000Mn||06:00:00|notch[100-101]|gsi
615178|notchpeak|zpu-np|zpu-np|u1237353|2019-10-05T11:30:24|2019-10-05T11:30:30|2019-10-05T11:34:37|COMPLETED|80|80|191000Mn||06:00:00|notch[100-101]|gsi
615179|notchpeak|zpu-np|zpu-np|u1237353|2019-10-05T11:34:57|2019-10-05T11:35:03|2019-10-05T11:47:23|COMPLETED|80|80|191000Mn||06:00:00|notch[100-101]|gsi
615180|notchpeak|zpu-np|zpu-np|u1237353|2019-10-05T11:47:24|2019-10-05T11:47:27|2019-10-05T11:49:16|COMPLETED|80|80|191000Mn||06:00:00|notch[100-101]|gsi
615181|notchpeak|zpu-np|zpu-np|u1237353|2019-10-05T11:47:45|2019-10-05T11:47:52|2019-10-05T16:47:29|COMPLETED|80|80|191000Mn||2-12:00:00|notch[098-099]|wrf_36
615182|notchpeak|zpu-np|zpu-np|u1237353|2019-10-05T11:49:25|2019-10-05T11:49:31|2019-10-05T11:53:47|COMPLETED|80|80|191000Mn||06:00:00|notch[100-101]|gsi
615187|notchpeak|zpu-np|zpu-np|u1237353|2019-10-05T11:53:58|2019-10-05T11:54:04|2019-10-05T12:06:14|COMPLETED|80|80|191000Mn||06:00:00|notch[100-101]|gsi
615188|notchpeak|zpu-np|zpu-np|u1237353|2019-10-05T12:06:46|2019-10-05T12:06:53|2019-10-05T17:07:00|COMPLETED|80|80|191000Mn||2-12:00:00|notch[100-101]|wrf_37
615189|notchpeak|hoepfner-np|hoepfner-np|u1209387|2019-10-05T12:16:16|2019-10-05T12:16:23|2019-10-06T07:23:08|COMPLETED|80|80|191000Mn||2-12:00:00|notch[148,151]|Cyclotri
615200|notchpeak|zpu-np|zpu-np|u1237353|2019-10-05T15:18:59|2019-10-05T15:19:07|2019-10-05T15:20:50|COMPLETED|64|64|95000Mn||06:00:00|notch[027,063]|gsi
615201|notchpeak|zpu-np|zpu-np|u1237353|2019-10-05T15:21:00|2019-10-05T15:21:10|2019-10-05T15:25:58|COMPLETED|64|64|95000Mn||06:00:00|notch[062,064]|gsi
615202|notchpeak|zpu-np|zpu-np|u1237353|2019-10-05T15:26:33|2019-10-05T15:26:41|2019-10-05T15:40:06|COMPLETED|64|64|95000Mn||06:00:00|notch[030,061]|gsi
615204|notchpeak|zpu-np|zpu-np|u1237353|2019-10-05T15:40:52|2019-10-05T15:41:03|2019-10-05T21:59:31|COMPLETED|64|64|95000Mn||10:00:00|notch[028-029]|wrf_38
618605|notchpeak|zpu-np|zpu-np|u1237353|2019-10-05T16:50:35|2019-10-05T16:50:36|2019-10-05T16:52:28|COMPLETED|80|80|191000Mn||06:00:00|notch[098-099]|gsi
618606|notchpeak|zpu-np|zpu-np|u1237353|2019-10-05T16:52:36|2019-10-05T16:52:37|2019-10-05T16:57:15|COMPLETED|80|80|191000Mn||06:00:00|notch[098-099]|gsi
618607|notchpeak|zpu-np|zpu-np|u1237353|2019-10-05T16:57:39|2019-10-05T16:57:42|2019-10-05T17:10:30|COMPLETED|80|80|191000Mn||06:00:00|notch[098-099]|gsi
618608|notchpeak|zpu-np|zpu-np|u1237353|2019-10-05T17:10:18|2019-10-05T17:10:19|2019-10-05T17:12:15|COMPLETED|80|80|191000Mn||06:00:00|notch[100-101]|gsi
618609|notchpeak|zpu-np|zpu-np|u1237353|2019-10-05T17:10:57|2019-10-05T17:10:58|2019-10-05T22:08:31|COMPLETED|80|80|191000Mn||2-12:00:00|notch[098-099]|wrf_36
618610|notchpeak|zpu-np|zpu-np|u1237353|2019-10-05T17:12:20|2019-10-05T17:12:20|2019-10-05T17:16:58|COMPLETED|80|80|191000Mn||06:00:00|notch[100-101]|gsi
618611|notchpeak|zpu-np|zpu-np|u1237353|2019-10-05T17:17:23|2019-10-05T17:17:23|2019-10-05T17:29:45|COMPLETED|80|80|191000Mn||06:00:00|notch[100-101]|gsi
618613|notchpeak|zpu-np|zpu-np|u1237353|2019-10-05T17:30:10|2019-10-05T17:30:11|2019-10-05T22:28:29|COMPLETED|80|80|191000Mn||2-12:00:00|notch[100-101]|wrf_37
618615|notchpeak|deo-np|deo-np|u1011561|2019-10-05T17:42:19|2019-10-05T17:42:25|2019-10-05T17:47:38|CANCELLED by 1081075|240|240|191000Mn||6-06:00:00|notch[124-129]|SiQuench
618616|notchpeak|deo-np|deo-np|u1011561|2019-10-05T17:47:51|2019-10-05T17:47:52|2019-10-05T17:47:57|COMPLETED|240|240|191000Mn||6-06:00:00|notch[124-129]|SiQuench
618617|notchpeak|deo-np|deo-np|u1011561|2019-10-05T17:49:38|2019-10-05T17:49:39|2019-10-05T18:42:36|COMPLETED|240|240|191000Mn||6-06:00:00|notch[124-129]|SiQuench
618624|notchpeak|solidmech-np|solidmech-np|u0750212|2019-10-05T18:25:01|2019-10-05T18:25:02|2019-10-06T12:38:55|COMPLETED|64|64|191000Mn||2-00:00:00|notch[019-020]|Atomic
618647|notchpeak|zpu-np|zpu-np|u1237353|2019-10-05T22:03:07|2019-10-05T22:03:07|2019-10-05T22:04:06|COMPLETED|64|64|95000Mn||06:00:00|notch[027-028]|gsi
618648|notchpeak|zpu-np|zpu-np|u1237353|2019-10-05T22:04:38|2019-10-05T22:04:39|2019-10-05T22:05:53|COMPLETED|64|64|95000Mn||06:00:00|notch[027-028]|gsi
618650|notchpeak|zpu-np|zpu-np|u1237353|2019-10-05T22:06:10|2019-10-05T22:06:11|2019-10-05T22:08:31|COMPLETED|64|64|95000Mn||06:00:00|notch[027-028]|gsi
618651|notchpeak|zpu-np|zpu-np|u1237353|2019-10-05T22:08:57|2019-10-05T22:08:57|2019-10-06T04:06:59|COMPLETED|80|64|191000Mn||10:00:00|notch[098-099]|wrf_38
618652|notchpeak|zpu-np|zpu-np|u1237353|2019-10-05T22:12:11|2019-10-05T22:28:38|2019-10-05T22:30:22|COMPLETED|80|80|191000Mn||06:00:00|notch[100-101]|gsi
618733|notchpeak|zpu-np|zpu-np|u1237353|2019-10-05T22:30:46|2019-10-05T22:30:52|2019-10-05T22:35:10|COMPLETED|80|80|191000Mn||06:00:00|notch[100-101]|gsi
618734|notchpeak|zpu-np|zpu-np|u1237353|2019-10-05T22:32:55|2019-10-05T22:35:13|2019-10-05T22:37:01|COMPLETED|80|80|191000Mn||06:00:00|notch[100-101]|gsi
618736|notchpeak|zpu-np|zpu-np|u1237353|2019-10-05T22:35:19|2019-10-05T22:37:04|2019-10-05T22:49:33|COMPLETED|80|80|191000Mn||06:00:00|notch[100-101]|gsi
618737|notchpeak|zpu-np|zpu-np|u1237353|2019-10-05T22:37:27|2019-10-05T22:49:37|2019-10-05T22:53:56|COMPLETED|80|80|191000Mn||06:00:00|notch[100-101]|gsi
618738|notchpeak|zpu-np|zpu-np|u1237353|2019-10-05T22:50:13|2019-10-05T22:53:59|2019-10-06T03:52:50|COMPLETED|80|80|191000Mn||2-12:00:00|notch[100-101]|wrf_36
618739|notchpeak|zpu-np|zpu-np|u1237353|2019-10-05T22:54:03|2019-10-06T03:52:59|2019-10-06T04:05:10|COMPLETED|80|80|191000Mn||06:00:00|notch[100-101]|gsi
618743|notchpeak|notchpeak|bmi_lee|u6024385|2019-10-06T01:35:38|2019-10-06T03:12:36|2019-10-06T04:52:11|COMPLETED|64|16|95000Mn||3-00:00:00|notch[007,041]|5.asan.star.sbatch
618744|notchpeak|notchpeak|bmi_lee|u6024385|2019-10-06T01:35:38|2019-10-06T04:52:23|2019-10-06T09:23:27|COMPLETED|64|16|95000Mn||3-00:00:00|notch[007,041]|5.asan.star.sbatch
618745|notchpeak|notchpeak|bmi_lee|u6024385|2019-10-06T01:35:38|2019-10-06T08:33:39|2019-10-06T10:02:41|COMPLETED|64|16|191000Mn||3-00:00:00|notch[009-010]|5.asan.star.sbatch
618746|notchpeak|notchpeak|bmi_lee|u6024385|2019-10-06T01:35:38|2019-10-06T09:23:36|2019-10-06T13:54:21|COMPLETED|72|16|95000Mn||3-00:00:00|notch[007,106]|5.asan.star.sbatch
618747|notchpeak|notchpeak|bmi_lee|u6024385|2019-10-06T01:35:38|2019-10-06T10:02:53|2019-10-06T15:19:29|COMPLETED|64|16|191000Mn||3-00:00:00|notch[009-010]|5.asan.star.sbatch
618748|notchpeak|notchpeak|bmi_lee|u6024385|2019-10-06T01:35:38|2019-10-06T10:26:12|2019-10-06T19:57:32|COMPLETED|80|16|191000Mn||3-00:00:00|notch[154-155]|5.asan.star.sbatch
618752|notchpeak|zpu-np|zpu-np|u1237353|2019-10-06T03:56:12|2019-10-06T04:05:14|2019-10-06T04:07:04|COMPLETED|80|80|191000Mn||06:00:00|notch[100-101]|gsi
618753|notchpeak|zpu-np|zpu-np|u1237353|2019-10-06T04:05:51|2019-10-06T04:07:09|2019-10-06T09:07:58|COMPLETED|80|80|191000Mn||2-12:00:00|notch[098-099]|wrf_37
618754|notchpeak|zpu-np|zpu-np|u1237353|2019-10-06T04:07:15|2019-10-06T04:07:24|2019-10-06T04:12:01|COMPLETED|80|80|191000Mn||06:00:00|notch[100-101]|gsi
618755|notchpeak|zpu-np|zpu-np|u1237353|2019-10-06T04:10:23|2019-10-06T04:10:31|2019-10-06T04:12:18|COMPLETED|64|64|95000Mn||06:00:00|notch[027-028]|gsi
618756|notchpeak|zpu-np|zpu-np|u1237353|2019-10-06T04:12:18|2019-10-06T04:12:28|2019-10-06T04:25:21|COMPLETED|80|80|191000Mn||06:00:00|notch[100-101]|gsi
618757|notchpeak|zpu-np|zpu-np|u1237353|2019-10-06T04:12:24|2019-10-06T04:12:28|2019-10-06T04:17:36|COMPLETED|64|64|95000Mn||06:00:00|notch[027-028]|gsi
618758|notchpeak|zpu-np|zpu-np|u1237353|2019-10-06T04:17:57|2019-10-06T04:18:05|2019-10-06T04:32:25|COMPLETED|64|64|95000Mn||06:00:00|notch[029-030]|gsi
618759|notchpeak|zpu-np|zpu-np|u1237353|2019-10-06T04:26:06|2019-10-06T04:26:14|2019-10-06T09:27:39|COMPLETED|80|80|191000Mn||2-12:00:00|notch[100-101]|wrf_36
618760|notchpeak|zpu-np|zpu-np|u1237353|2019-10-06T04:33:15|2019-10-06T04:33:16|2019-10-06T10:43:45|COMPLETED|64|64|95000Mn||10:00:00|notch[029-030]|wrf_38
618763|notchpeak|zpu-np|zpu-np|u1237353|2019-10-06T09:11:35|2019-10-06T09:11:36|2019-10-06T09:13:34|COMPLETED|80|80|191000Mn||06:00:00|notch[098-099]|gsi
618764|notchpeak|zpu-np|zpu-np|u1237353|2019-10-06T09:14:07|2019-10-06T09:14:08|2019-10-06T09:18:45|COMPLETED|80|80|191000Mn||06:00:00|notch[098-099]|gsi
618765|notchpeak|zpu-np|zpu-np|u1237353|2019-10-06T09:19:10|2019-10-06T09:19:11|2019-10-06T09:31:34|COMPLETED|80|80|191000Mn||06:00:00|notch[098-099]|gsi
618768|notchpeak|zpu-np|zpu-np|u1237353|2019-10-06T09:31:03|2019-10-06T09:31:04|2019-10-06T09:32:48|COMPLETED|80|80|191000Mn||06:00:00|notch[100-101]|gsi
618769|notchpeak|zpu-np|zpu-np|u1237353|2019-10-06T09:31:58|2019-10-06T09:31:58|2019-10-06T14:34:24|COMPLETED|80|80|191000Mn||2-12:00:00|notch[098-099]|wrf_37
618770|notchpeak|zpu-np|zpu-np|u1237353|2019-10-06T09:33:05|2019-10-06T09:33:05|2019-10-06T09:37:17|COMPLETED|80|80|191000Mn||06:00:00|notch[100-101]|gsi
618771|notchpeak|zpu-np|zpu-np|u1237353|2019-10-06T09:37:38|2019-10-06T09:37:38|2019-10-06T09:50:14|COMPLETED|80|80|191000Mn||06:00:00|notch[100-101]|gsi
618773|notchpeak|zpu-np|zpu-np|u1237353|2019-10-06T09:50:55|2019-10-06T09:50:56|2019-10-06T14:52:29|COMPLETED|80|80|191000Mn||2-12:00:00|notch[100-101]|wrf_36
618774|notchpeak|notchpeak-guest|owner-guest|u0668434|2019-10-06T09:56:40|2019-10-06T10:43:54|2019-10-06T10:54:37|PREEMPTED|64|2|95000Mn||3-00:00:00|notch[029-030]|lonepeak.slurm
618775|notchpeak|notchpeak-guest|owner-guest|u0668434|2019-10-06T09:57:25|2019-10-06T10:48:54|2019-10-06T13:43:05|PREEMPTED|64|2|95000Mn||3-00:00:00|notch[061-062]|lonepeak.slurm
618776|notchpeak|notchpeak-guest|owner-guest|u0668434|2019-10-06T09:57:48|2019-10-06T10:50:46|2019-10-06T13:43:05|PREEMPTED|64|2|95000Mn||3-00:00:00|notch[063-064]|lonepeak.slurm
618777|notchpeak|notchpeak-guest|owner-guest|u0668434|2019-10-06T09:58:24|2019-10-06T10:54:03|2019-10-06T13:52:04|PREEMPTED|64|2|95000Mn||3-00:00:00|notch[027-028]|lonepeak.slurm
618779|notchpeak|notchpeak-guest|owner-guest|u0668434|2019-10-06T09:59:00|2019-10-06T13:46:40|2019-10-06T13:52:04|PREEMPTED|64|2|95000Mn||3-00:00:00|notch[061-062]|lonepeak.slurm
618780|notchpeak|notchpeak-guest|owner-guest|u0668434|2019-10-06T09:59:32|2019-10-06T13:46:40|2019-10-06T13:57:21|PREEMPTED|64|2|95000Mn||3-00:00:00|notch[063-064]|lonepeak.slurm
618781|notchpeak|notchpeak-guest|owner-guest|u0668434|2019-10-06T09:59:51|2019-10-06T13:56:21|2019-10-06T13:57:21|PREEMPTED|64|2|95000Mn||3-00:00:00|notch[027-028]|lonepeak.slurm
618782|notchpeak|notchpeak-guest|owner-guest|u0668434|2019-10-06T10:00:10|2019-10-06T13:56:21|2019-10-06T14:02:29|PREEMPTED|64|2|95000Mn||3-00:00:00|notch[061-062]|lonepeak.slurm
618783|notchpeak|notchpeak-guest|owner-guest|u0668434|2019-10-06T10:00:25|2019-10-06T14:00:50|2019-10-06T14:02:29|PREEMPTED|64|2|95000Mn||3-00:00:00|notch[027-028]|lonepeak.slurm
618784|notchpeak|notchpeak-guest|owner-guest|u0668434|2019-10-06T10:01:47|2019-10-06T14:00:50|2019-10-06T14:06:40|PREEMPTED|64|2|95000Mn||3-00:00:00|notch[063-064]|lonepeak.slurm
618785|notchpeak|notchpeak-guest|owner-guest|u0668434|2019-10-06T10:02:08|2019-10-06T14:05:57|2019-10-06T14:06:40|PREEMPTED|64|2|95000Mn||3-00:00:00|notch[027-028]|lonepeak.slurm
618786|notchpeak|notchpeak-guest|owner-guest|u0668434|2019-10-06T10:02:22|2019-10-06T14:05:57|2019-10-06T14:09:46|PREEMPTED|64|2|95000Mn||3-00:00:00|notch[061-062]|lonepeak.slurm
618787|notchpeak|notchpeak-guest|owner-guest|u0668434|2019-10-06T10:03:19|2019-10-06T14:09:06|2019-10-06T14:36:38|PREEMPTED|64|2|95000Mn||3-00:00:00|notch[027-028]|lonepeak.slurm
618790|notchpeak|zpu-np|zpu-np|u1237353|2019-10-06T10:47:44|2019-10-06T10:47:54|2019-10-06T10:48:51|COMPLETED|64|64|95000Mn||06:00:00|notch[061-062]|gsi
618791|notchpeak|zpu-np|zpu-np|u1237353|2019-10-06T10:49:15|2019-10-06T10:49:24|2019-10-06T10:50:43|COMPLETED|64|64|95000Mn||06:00:00|notch[063-064]|gsi
618792|notchpeak|zpu-np|zpu-np|u1237353|2019-10-06T10:51:18|2019-10-06T10:51:25|2019-10-06T10:53:58|COMPLETED|64|64|95000Mn||06:00:00|notch[027-028]|gsi
618793|notchpeak|zpu-np|zpu-np|u1237353|2019-10-06T10:54:36|2019-10-06T10:54:42|2019-10-06T17:10:36|COMPLETED|64|64|95000Mn||10:00:00|notch[029-030]|wrf_38
618855|notchpeak|zpu-np|zpu-np|u6014753|2019-10-06T13:43:04|2019-10-06T13:43:11|2019-10-06T13:44:05|COMPLETED|128|128|95000Mn||00:30:00|notch[061-064]|AC
618856|notchpeak|zpu-np|zpu-np|u6014753|2019-10-06T13:43:09|2019-10-06T13:44:12|2019-10-06T13:46:37|COMPLETED|128|128|95000Mn||01:00:00|notch[061-064]|AC
618857|notchpeak|zpu-np|zpu-np|u6014753|2019-10-06T13:52:04|2019-10-06T13:52:10|2019-10-06T13:53:05|COMPLETED|128|128|95000Mn||00:30:00|notch[027-028,061-062]|AC
618858|notchpeak|zpu-np|zpu-np|u6014753|2019-10-06T13:52:06|2019-10-06T13:53:08|2019-10-06T13:56:18|COMPLETED|128|128|95000Mn||01:00:00|notch[027-028,061-062]|AC
618859|notchpeak|zpu-np|zpu-np|u6014753|2019-10-06T13:57:20|2019-10-06T13:57:26|2019-10-06T13:58:20|COMPLETED|128|128|95000Mn||00:30:00|notch[027-028,063-064]|AC
618860|notchpeak|zpu-np|zpu-np|u6014753|2019-10-06T13:57:23|2019-10-06T13:58:23|2019-10-06T14:00:46|COMPLETED|128|128|95000Mn||01:00:00|notch[027-028,063-064]|AC
618861|notchpeak|zpu-np|zpu-np|u6014753|2019-10-06T14:02:28|2019-10-06T14:02:35|2019-10-06T14:03:26|COMPLETED|128|128|95000Mn||00:30:00|notch[027-028,061-062]|AC
618862|notchpeak|zpu-np|zpu-np|u6014753|2019-10-06T14:02:30|2019-10-06T14:03:28|2019-10-06T14:05:54|COMPLETED|128|128|95000Mn||01:00:00|notch[027-028,061-062]|AC
618863|notchpeak|zpu-np|zpu-np|u6014753|2019-10-06T14:06:40|2019-10-06T14:06:46|2019-10-06T14:07:26|COMPLETED|128|128|95000Mn||00:30:00|notch[027-028,063-064]|AC
618864|notchpeak|zpu-np|zpu-np|u6014753|2019-10-06T14:06:42|2019-10-06T14:07:29|2019-10-06T14:09:03|COMPLETED|128|128|95000Mn||01:00:00|notch[027-028,063-064]|AC
618866|notchpeak|zpu-np|zpu-np|u6014753|2019-10-06T14:09:45|2019-10-06T14:09:51|2019-10-06T14:10:43|COMPLETED|128|128|95000Mn||00:30:00|notch[061-064]|AC
618867|notchpeak|zpu-np|zpu-np|u6014753|2019-10-06T14:09:48|2019-10-06T14:10:46|2019-10-06T14:13:10|COMPLETED|128|128|95000Mn||01:00:00|notch[061-064]|AC
618868|notchpeak|zpu-np|zpu-np|u6014753|2019-10-06T14:10:50|2019-10-06T14:13:13|2019-10-06T14:13:17|COMPLETED|128|128|95000Mn||05:00:00|notch[061-064]|ncm-12
618869|notchpeak|zpu-np|zpu-np|u6014753|2019-10-06T14:11:12|2019-10-06T14:13:23|2019-10-06T14:13:27|COMPLETED|128|128|95000Mn||05:00:00|notch[061-064]|ncm-18
618870|notchpeak|zpu-np|zpu-np|u6014753|2019-10-06T14:11:45|2019-10-06T14:13:32|2019-10-06T14:13:36|COMPLETED|128|128|95000Mn||05:00:00|notch[061-064]|ncm-00
618871|notchpeak|zpu-np|zpu-np|u6014753|2019-10-06T14:12:24|2019-10-06T14:13:42|2019-10-06T14:13:47|COMPLETED|128|128|95000Mn||05:00:00|notch[061-064]|ncn-00
618872|notchpeak|zpu-np|zpu-np|u6014753|2019-10-06T14:12:50|2019-10-06T14:13:52|2019-10-06T14:13:57|COMPLETED|128|128|95000Mn||05:00:00|notch[061-064]|ncn-18
618877|notchpeak|zpu-np|zpu-np|u6014753|2019-10-06T14:18:40|2019-10-06T14:18:41|2019-10-06T14:19:32|COMPLETED|128|128|95000Mn||1-00:00:00|notch[061-064]|w-cyc
618878|notchpeak|zpu-np|zpu-np|u6014753|2019-10-06T14:20:07|2019-10-06T14:20:08|2019-10-06T14:20:59|COMPLETED|128|128|95000Mn||1-00:00:00|notch[061-064]|w-cyc
618879|notchpeak|zpu-np|zpu-np|u6014753|2019-10-06T14:21:50|2019-10-06T14:21:51|2019-10-06T14:22:42|COMPLETED|128|128|95000Mn||1-00:00:00|notch[061-064]|w-cyc
618880|notchpeak|zpu-np|zpu-np|u6014753|2019-10-06T14:22:44|2019-10-06T14:22:46|2019-10-06T14:23:37|COMPLETED|128|128|95000Mn||00:30:00|notch[061-064]|AC
618881|notchpeak|zpu-np|zpu-np|u6014753|2019-10-06T14:22:47|2019-10-06T14:23:40|2019-10-06T14:26:21|COMPLETED|128|128|95000Mn||01:00:00|notch[061-064]|AC
618882|notchpeak|zpu-np|zpu-np|u6014753|2019-10-06T14:26:49|2019-10-06T14:26:50|2019-10-06T14:27:30|COMPLETED|128|128|95000Mn||00:30:00|notch[061-064]|AC
618883|notchpeak|zpu-np|zpu-np|u6014753|2019-10-06T14:26:52|2019-10-06T14:27:33|2019-10-06T14:29:15|COMPLETED|128|128|95000Mn||01:00:00|notch[061-064]|AC
618884|notchpeak|zpu-np|zpu-np|u6014753|2019-10-06T14:30:42|2019-10-06T14:30:42|2019-10-06T14:31:33|COMPLETED|128|128|95000Mn||00:30:00|notch[061-064]|AC
618885|notchpeak|zpu-np|zpu-np|u6014753|2019-10-06T14:30:44|2019-10-06T14:31:36|2019-10-06T14:34:07|COMPLETED|128|128|95000Mn||01:00:00|notch[061-064]|AC
618887|notchpeak|zpu-np|zpu-np|u6014753|2019-10-06T14:36:34|2019-10-06T14:36:35|2019-10-06T14:37:26|COMPLETED|128|128|95000Mn||00:30:00|notch[061-064]|AC
618888|notchpeak|zpu-np|zpu-np|u6014753|2019-10-06T14:36:36|2019-10-06T14:36:44|2019-10-06T14:39:14|COMPLETED|144|128|95000Mn||01:00:00|notch[027-028,098-099]|AC
618889|notchpeak|zpu-np|zpu-np|u1237353|2019-10-06T14:39:24|2019-10-06T14:39:24|2019-10-06T14:41:12|COMPLETED|80|80|191000Mn||06:00:00|notch[098-099]|gsi
618890|notchpeak|zpu-np|zpu-np|u6014753|2019-10-06T14:41:16|2019-10-06T14:41:17|2019-10-06T14:42:08|COMPLETED|128|128|95000Mn||00:30:00|notch[061-064]|AC
618891|notchpeak|zpu-np|zpu-np|u6014753|2019-10-06T14:41:17|2019-10-06T14:41:20|2019-10-06T14:43:49|COMPLETED|144|128|95000Mn||01:00:00|notch[027-028,098-099]|AC
618892|notchpeak|zpu-np|zpu-np|u1237353|2019-10-06T14:41:25|2019-10-06T14:43:52|2019-10-06T14:48:00|COMPLETED|80|80|191000Mn||06:00:00|notch[098-099]|gsi
618893|notchpeak|zpu-np|zpu-np|u6014753|2019-10-06T14:45:15|2019-10-06T14:45:15|2019-10-06T14:46:07|COMPLETED|128|128|95000Mn||00:30:00|notch[061-064]|AC
618894|notchpeak|zpu-np|zpu-np|u6014753|2019-10-06T14:45:19|2019-10-06T14:46:10|2019-10-06T14:48:42|COMPLETED|128|128|95000Mn||01:00:00|notch[061-064]|AC
618895|notchpeak|zpu-np|zpu-np|u1237353|2019-10-06T14:48:28|2019-10-06T14:48:29|2019-10-06T15:00:15|COMPLETED|80|80|191000Mn||06:00:00|notch[098-099]|gsi
618896|notchpeak|zpu-np|zpu-np|u1237353|2019-10-06T14:56:27|2019-10-06T14:56:28|2019-10-06T14:58:17|COMPLETED|80|80|191000Mn||06:00:00|notch[100-101]|gsi
618897|notchpeak|zpu-np|zpu-np|u6014753|2019-10-06T14:57:59|2019-10-06T14:58:00|2019-10-06T19:10:13|COMPLETED|128|128|95000Mn||05:00:00|notch[061-064]|ncm-12
618898|notchpeak|zpu-np|zpu-np|u6014753|2019-10-06T14:58:28|2019-10-06T14:58:28|2019-10-06T19:17:25|COMPLETED|144|128|95000Mn||05:00:00|notch[027-028,100-101]|ncm-18
618899|notchpeak|zpu-np|zpu-np|u1237353|2019-10-06T14:58:28|2019-10-06T15:00:29|2019-10-06T15:05:13|COMPLETED|80|80|191000Mn||06:00:00|notch[098-099]|gsi
618900|notchpeak|zpu-np|zpu-np|u6014753|2019-10-06T14:58:52|2019-10-06T17:10:44|2019-10-06T21:29:07|COMPLETED|144|128|95000Mn||05:00:00|notch[029-030,098-099]|ncm-00
618901|notchpeak|zpu-np|zpu-np|u1237353|2019-10-06T15:00:46|2019-10-07T01:45:09|2019-10-07T06:44:54|COMPLETED|80|80|191000Mn||2-12:00:00|notch[098-099]|wrf_37
618902|notchpeak|zpu-np|zpu-np|u1237353|2019-10-06T15:05:33|2019-10-06T15:06:30|2019-10-06T15:19:17|COMPLETED|80|80|191000Mn||06:00:00|notch[098-099]|gsi
618904|notchpeak|zpu-np|zpu-np|u6014753|2019-10-06T15:10:36|2019-10-06T19:10:18|2019-10-06T23:26:31|COMPLETED|128|128|95000Mn||05:00:00|notch[061-064]|ncn-00
618917|notchpeak|zpu-np|zpu-np|u6014753|2019-10-06T15:13:07|2019-10-06T19:17:35|2019-10-06T23:35:26|COMPLETED|144|128|95000Mn||05:00:00|notch[027-028,100-101]|ncn-18
618919|notchpeak|zpu-np|zpu-np|u6014753|2019-10-06T15:13:50|2019-10-06T21:29:17|2019-10-07T01:44:58|COMPLETED|144|128|95000Mn||05:00:00|notch[029-030,098-099]|ncn-12
618932|notchpeak|zpu-np|zpu-np|u1237353|2019-10-06T15:19:55|2019-10-07T03:54:59|2019-10-07T08:52:45|COMPLETED|80|80|191000Mn||2-12:00:00|notch[100-101]|wrf_36
619100|notchpeak|zpu-np|zpu-np|u6014753|2019-10-06T15:21:15|2019-10-06T23:27:32|2019-10-07T03:40:48|COMPLETED|128|128|95000Mn||1-00:00:00|notch[061-064]|w-cyc1
619101|notchpeak|zpu-np|zpu-np|u6014753|2019-10-06T15:21:49|2019-10-06T23:35:35|2019-10-07T03:54:49|COMPLETED|144|128|95000Mn||1-00:00:00|notch[027-028,100-101]|w-cyc2
619102|notchpeak|zpu-np|zpu-np|u6014753|2019-10-06T15:22:27|2019-10-07T03:40:55|2019-10-07T07:56:41|COMPLETED|128|128|95000Mn||1-00:00:00|notch[061-064]|w-cyc3
619150|notchpeak|zpu-np|zpu-np|u1237353|2019-10-06T17:14:40|2019-10-07T01:45:12|2019-10-07T01:47:00|COMPLETED|64|64|95000Mn||06:00:00|notch[029-030]|gsi
619265|notchpeak|zpu-np|zpu-np|u1237353|2019-10-07T01:47:10|2019-10-07T01:48:20|2019-10-07T01:53:26|COMPLETED|64|64|95000Mn||06:00:00|notch[029-030]|gsi
619266|notchpeak|zpu-np|zpu-np|u1237353|2019-10-07T01:53:44|2019-10-07T01:54:37|2019-10-07T02:09:07|COMPLETED|64|64|95000Mn||06:00:00|notch[029-030]|gsi
619267|notchpeak|zpu-np|zpu-np|u1237353|2019-10-07T02:09:34|2019-10-07T02:10:18|2019-10-07T08:28:05|COMPLETED|64|64|95000Mn||10:00:00|notch[029-030]|wrf_38
619268|notchpeak|zpu-np|zpu-np|u1237353|2019-10-07T06:48:04|2019-10-07T06:48:04|2019-10-07T06:50:03|COMPLETED|80|80|191000Mn||06:00:00|notch[098-099]|gsi
619269|notchpeak|zpu-np|zpu-np|u1237353|2019-10-07T06:50:35|2019-10-07T06:50:37|2019-10-07T06:55:17|COMPLETED|80|80|191000Mn||06:00:00|notch[098-099]|gsi
619270|notchpeak|zpu-np|zpu-np|u1237353|2019-10-07T06:56:08|2019-10-07T06:56:08|2019-10-07T07:08:50|COMPLETED|80|80|191000Mn||06:00:00|notch[098-099]|gsi
619271|notchpeak|zpu-np|zpu-np|u1237353|2019-10-07T07:09:28|2019-10-07T07:09:28|2019-10-07T12:03:23|COMPLETED|80|80|191000Mn||2-12:00:00|notch[098-099]|wrf_37
619277|notchpeak|zpu-np|zpu-np|u1237353|2019-10-07T08:31:26|2019-10-07T08:31:26|2019-10-07T08:32:25|COMPLETED|64|64|95000Mn||06:00:00|notch[027-028]|gsi
619280|notchpeak|zpu-np|zpu-np|u1237353|2019-10-07T08:32:57|2019-10-07T08:32:57|2019-10-07T08:34:16|COMPLETED|64|64|95000Mn||06:00:00|notch[027-028]|gsi
619283|notchpeak|zpu-np|zpu-np|u1237353|2019-10-07T08:34:29|2019-10-07T08:34:30|2019-10-07T08:36:50|COMPLETED|64|64|95000Mn||06:00:00|notch[027-028]|gsi
619300|notchpeak|zpu-np|zpu-np|u1237353|2019-10-07T08:56:06|2019-10-07T08:56:07|2019-10-07T08:57:48|COMPLETED|80|80|191000Mn||06:00:00|notch[100-101]|gsi
619302|notchpeak|zpu-np|zpu-np|u1237353|2019-10-07T08:58:08|2019-10-07T08:58:15|2019-10-07T09:02:24|COMPLETED|80|80|191000Mn||06:00:00|notch[100-101]|gsi
619305|notchpeak|zpu-np|zpu-np|u1237353|2019-10-07T09:02:40|2019-10-07T09:02:41|2019-10-07T09:14:42|COMPLETED|80|80|191000Mn||06:00:00|notch[100-101]|gsi
619401|notchpeak|zpu-np|zpu-np|u1237353|2019-10-07T12:07:21|2019-10-07T12:07:22|2019-10-07T12:09:08|COMPLETED|80|80|191000Mn||06:00:00|notch[098-099]|gsi
619402|notchpeak|zpu-np|zpu-np|u1237353|2019-10-07T12:09:22|2019-10-07T12:09:23|2019-10-07T12:13:17|COMPLETED|80|80|191000Mn||06:00:00|notch[098-099]|gsi
619405|notchpeak|zpu-np|zpu-np|u1237353|2019-10-07T12:13:25|2019-10-07T12:13:25|2019-10-07T12:24:53|COMPLETED|80|80|191000Mn||06:00:00|notch[098-099]|gsi
619444|notchpeak|efd-np|efd-np|u0303564|2019-10-07T13:35:43|2019-10-07T13:35:51|2019-10-07T13:39:49|COMPLETED|72|64|95000Mn||12:00:00|notch[054,102]|jobsub
